T,xo,yo,zo,vlen,x,y,z
0,-0.017,-0.116,1.08,1.08634478873,1.586,1.678,0.108
1,-0.018,-0.116,1.093,1.09928567716,1.587,1.677,0.107
2,-0.023,-0.117,1.095,1.10147310453,1.592,1.677,0.108
3,-0.033,-0.11,1.077,1.08310571968,1.601,1.673,0.106
4,-0.043,-0.075,1.112,1.11535554869,1.609,1.638,0.078
