T,xo,yo,zo,vlen,x,y,z
0,-0.031,0.143,1.082,1.09184889064,1.599,1.439,0.134
1,-0.027,0.142,1.095,1.10449898144,1.595,1.442,0.131
2,-0.033,0.14,1.097,1.10638962396,1.601,1.444,0.13
3,-0.04,0.143,1.088,1.0980860622,1.607,1.44,0.136
4,-0.046,0.162,1.094,1.10688572129,1.612,1.424,0.153
