T,xo,yo,zo,vlen,x,y,z
0,0.22,-0.0,0.901,0.927470215155,1.331,1.571,0.239
1,0.243,-0.076,0.819,0.857663104022,1.284,1.66,0.301
2,0.162,-0.073,0.792,0.811687747844,1.37,1.661,0.221
3,0.053,-0.073,0.755,0.760370304523,1.501,1.667,0.119
4,-0.033,-0.032,0.786,0.787343000223,1.613,1.611,0.058
