T,xo,yo,zo,vlen,x,y,z
0,0.199,-0.055,0.805,0.83105414986,1.329,1.637,0.251
1,0.242,-0.126,0.747,0.795266621958,1.262,1.73,0.35
2,0.154,-0.095,0.761,0.782216082678,1.373,1.693,0.233
3,0.028,-0.131,0.699,0.711720450739,1.531,1.756,0.189
4,-0.078,-0.092,0.727,0.73693758216,1.677,1.696,0.164
