T,xo,yo,zo,vlen,x,y,z
0,-0.084,-0.111,1.055,1.06414378728,1.65,1.675,0.131
1,-0.087,-0.108,1.081,1.08985962399,1.651,1.67,0.128
2,-0.092,-0.112,1.077,1.08670925274,1.656,1.674,0.134
3,-0.1,-0.108,1.042,1.0523440502,1.666,1.674,0.14
4,-0.096,-0.079,1.083,1.0901128382,1.659,1.643,0.114
