T,xo,yo,zo,vlen,x,y,z
0,-0.054,-0.145,0.666,0.683737522738,1.65,1.784,0.228
1,-0.032,-0.143,0.655,0.671191477896,1.618,1.785,0.22
2,0.013,-0.137,0.656,0.670279046368,1.551,1.777,0.207
3,0.007,-0.125,0.66,0.67176930564,1.56,1.758,0.187
4,-0.075,-0.106,0.685,0.697198680435,1.679,1.723,0.187
