T,xo,yo,zo,vlen,x,y,z
0,-0.028,-0.498,0.564,0.752916994097,1.608,2.294,0.724
1,-0.064,-0.489,0.574,0.756764824764,1.655,2.273,0.71
2,-0.067,-0.476,0.582,0.754843692429,1.66,2.253,0.69
3,-0.127,-0.451,0.574,0.740949390984,1.743,2.225,0.685
4,-0.152,-0.398,0.63,0.760531393172,1.772,2.122,0.595
