T,xo,yo,zo,vlen,x,y,z
0,-0.015,-0.514,0.437,0.674825903474,1.593,2.437,0.866
1,-0.064,-0.502,0.446,0.674548738046,1.666,2.41,0.848
2,-0.075,-0.49,0.454,0.67219119304,1.683,2.388,0.829
3,-0.15,-0.463,0.448,0.661493008277,1.8,2.346,0.827
4,-0.172,-0.424,0.525,0.696408644404,1.82,2.225,0.717
