T,xo,yo,zo,vlen,x,y,z
0,0.054,-0.117,1.036,1.04398323741,1.519,1.683,0.124
1,0.052,-0.119,1.045,1.05303846084,1.521,1.684,0.124
2,0.048,-0.115,1.051,1.05836194187,1.525,1.68,0.118
3,0.038,-0.107,1.05,1.0561216786,1.535,1.672,0.108
4,0.012,-0.069,1.087,1.08925387307,1.56,1.634,0.064
