T,xo,yo,zo,vlen,x,y,z
0,0.091,-0.127,0.574,0.59488318181,1.417,1.786,0.266
1,0.057,-0.12,0.591,0.605747472137,1.477,1.77,0.221
2,0.032,-0.121,0.589,0.602151143817,1.518,1.773,0.209
3,0.025,-0.062,0.639,0.642487353961,1.532,1.667,0.104
4,0.188,-0.13,0.671,0.708861763675,1.302,1.755,0.328
