T,xo,yo,zo,vlen,x,y,z
0,0.107,-0.481,0.578,0.759535384298,1.429,2.257,0.706
1,0.069,-0.475,0.585,0.756710644831,1.479,2.249,0.687
2,0.047,-0.475,0.585,0.755022516221,1.509,2.251,0.684
3,0.005,-0.417,0.58,0.714362652999,1.564,2.194,0.623
4,0.057,-0.217,0.859,0.887816985645,1.507,1.818,0.255
