T,xo,yo,zo,vlen,x,y,z
0,0.115,-0.503,0.453,0.686617069406,1.403,2.393,0.85
1,0.07,-0.498,0.459,0.680870766005,1.468,2.391,0.831
2,0.046,-0.497,0.459,0.678089964533,1.503,2.393,0.827
3,-0.008,-0.438,0.453,0.630172198689,1.583,2.339,0.769
4,0.011,-0.201,0.734,0.761103146755,1.556,1.838,0.268
