T,xo,yo,zo,vlen,x,y,z
0,-0.044,0.386,1.069,1.13740625987,1.609,1.225,0.349
1,-0.036,0.385,1.086,1.15278662379,1.602,1.23,0.342
2,-0.043,0.383,1.087,1.15330264892,1.608,1.232,0.341
3,-0.044,0.381,1.086,1.1517347785,1.609,1.234,0.339
4,-0.046,0.385,1.066,1.13432667252,1.611,1.225,0.349
