T,xo,yo,zo,vlen,x,y,z
0,-0.042,0.327,1.074,1.12346294999,1.608,1.275,0.298
1,-0.034,0.326,1.09,1.13821439105,1.601,1.28,0.292
2,-0.041,0.324,1.091,1.13883185765,1.607,1.282,0.291
3,-0.043,0.324,1.088,1.13603212983,1.609,1.282,0.292
4,-0.046,0.331,1.074,1.12479020266,1.612,1.272,0.302
