T,xo,yo,zo,vlen,x,y,z
0,-0.128,-0.183,0.881,0.908864126259,1.712,1.774,0.248
1,-0.176,-0.181,0.931,0.964623242515,1.754,1.76,0.265
2,-0.188,-0.182,0.935,0.970923786916,1.766,1.759,0.273
3,-0.164,-0.187,0.974,1.00525668364,1.735,1.758,0.25
4,-0.235,-0.124,0.996,1.03083315818,1.801,1.691,0.261
