T,xo,yo,zo,vlen,x,y,z
0,-0.192,-0.16,0.868,0.903265188082,1.785,1.749,0.28
1,-0.197,-0.177,0.909,0.946794064198,1.78,1.759,0.284
2,-0.2,-0.179,0.921,0.959313296061,1.781,1.758,0.284
3,-0.229,-0.184,0.999,1.04129630749,1.793,1.748,0.286
4,-0.208,-0.109,1.038,1.06423164772,1.768,1.673,0.222
