T,xo,yo,zo,vlen,x,y,z
0,0.187,-0.114,0.743,0.77460570615,1.327,1.719,0.287
1,0.271,-0.176,0.652,0.727681936013,1.189,1.815,0.46
2,0.136,-0.141,0.7,0.726895453281,1.383,1.766,0.273
3,0.009,-0.181,0.626,0.651703920504,1.557,1.852,0.282
4,-0.113,-0.13,0.683,0.704384837997,1.732,1.756,0.247
