T,xo,yo,zo,vlen,x,y,z
0,0.177,-0.035,0.762,0.783069600993,1.343,1.616,0.232
1,0.18,-0.144,0.736,0.771253525113,1.335,1.759,0.304
2,0.16,-0.086,0.723,0.745469650623,1.354,1.686,0.246
3,0.043,-0.161,0.7,0.719562366998,1.511,1.796,0.234
4,-0.104,-0.083,0.753,0.764665940133,1.707,1.68,0.175
