T,xo,yo,zo,vlen,x,y,z
0,-0.018,0.504,1.049,1.16393341734,1.586,1.123,0.448
1,-0.012,0.505,1.062,1.17601573119,1.581,1.127,0.444
2,-0.028,0.501,1.059,1.17186432662,1.595,1.129,0.442
3,-0.033,0.498,1.056,1.16800214041,1.599,1.13,0.442
4,-0.039,0.496,1.037,1.15017650819,1.605,1.125,0.447
