T,xo,yo,zo,vlen,x,y,z
0,-0.175,0.279,1.047,1.09757687658,1.731,1.314,0.305
1,-0.168,0.282,1.072,1.12112978731,1.721,1.317,0.297
2,-0.169,0.281,1.073,1.12198529402,1.722,1.318,0.297
3,-0.178,0.279,1.082,1.13148088804,1.729,1.322,0.297
4,-0.176,0.296,1.082,1.13548051502,1.726,1.307,0.308
