T,xo,yo,zo,vlen,x,y,z
0,-0.223,0.052,1.059,1.08347311919,1.778,1.523,0.213
1,-0.221,0.054,1.087,1.11055211494,1.771,1.522,0.206
2,-0.227,0.056,1.093,1.11772715812,1.775,1.521,0.211
3,-0.228,0.057,1.099,1.12384785447,1.775,1.52,0.211
4,-0.221,0.072,1.088,1.112550673,1.771,1.506,0.21
