T,xo,yo,zo,vlen,x,y,z
0,-0.19,-0.164,0.955,0.987431516613,1.764,1.738,0.257
1,-0.203,-0.16,0.992,1.02512096847,1.77,1.728,0.255
2,-0.217,-0.158,0.999,1.03443414483,1.782,1.724,0.262
3,-0.208,-0.165,0.994,1.02884644141,1.774,1.732,0.261
4,-0.238,-0.093,1.033,1.06413439001,1.796,1.658,0.242
