T,xo,yo,zo,vlen,x,y,z
0,-0.163,-0.18,0.921,0.952475721475,1.743,1.761,0.258
1,-0.186,-0.179,0.994,1.02697273576,1.753,1.746,0.254
2,-0.199,-0.177,1.007,1.04162325243,1.763,1.742,0.259
3,-0.191,-0.185,1.005,1.03958212759,1.756,1.75,0.259
4,-0.226,-0.106,1.034,1.06370484628,1.785,1.671,0.237
