T,xo,yo,zo,vlen,x,y,z
0,0.116,0.264,1.072,1.11010630122,1.466,1.331,0.263
1,0.119,0.263,1.075,1.11308355482,1.464,1.332,0.262
2,0.109,0.26,1.068,1.10458363196,1.472,1.333,0.258
3,0.096,0.264,1.056,1.09272503403,1.483,1.327,0.26
4,0.083,0.281,1.041,1.08144856558,1.494,1.308,0.274
