T,xo,yo,zo,vlen,x,y,z
0,0.216,0.096,1.075,1.10068024421,1.373,1.483,0.216
1,0.234,0.054,0.969,0.998315080523,1.334,1.517,0.243
2,0.202,0.096,0.969,0.994475238505,1.366,1.474,0.227
3,0.121,0.09,0.955,0.9668329742,1.445,1.478,0.157
4,0.081,0.121,0.93,0.941329910287,1.485,1.442,0.155
